timestamp,filename,iteration,prompt_token_count,response_time,success,response_token_count,tokens_per_second,model,llm_url,base_model,quantization,backend,runtime,hardware_slug,hardware_make,hardware_model,hardware_cpu,hardware_mem_gb,hardware_gpu,environment_os,schema_version
2025-08-10T13:48:59.078871,extra_long_programming_code_heavy_17947t.txt,1,17736,0.11440062522888184,True,0,0.0,qwen3-235b-a22b-instruct-2507,http://127.0.0.1:1234/v1/chat/completions,qwen3-235b-a22b-instruct-2507,int4,vulkan,lmstudio,gmk_evox2_ai395,GMKTec,EVO X2,AMD Ryzen AI Max+ 395,128,Radeon 8060S,Fedora 42,3
2025-08-10T13:49:01.166474,extra_long_programming_code_heavy_17947t.txt,2,17736,0.08657026290893555,True,0,0.0,qwen3-235b-a22b-instruct-2507,http://127.0.0.1:1234/v1/chat/completions,qwen3-235b-a22b-instruct-2507,int4,vulkan,lmstudio,gmk_evox2_ai395,GMKTec,EVO X2,AMD Ryzen AI Max+ 395,128,Radeon 8060S,Fedora 42,3
2025-08-10T13:49:03.254435,extra_long_programming_code_heavy_17947t.txt,3,17736,0.0872945785522461,True,0,0.0,qwen3-235b-a22b-instruct-2507,http://127.0.0.1:1234/v1/chat/completions,qwen3-235b-a22b-instruct-2507,int4,vulkan,lmstudio,gmk_evox2_ai395,GMKTec,EVO X2,AMD Ryzen AI Max+ 395,128,Radeon 8060S,Fedora 42,3
2025-08-10T13:49:05.343472,extra_long_programming_code_heavy_17947t.txt,4,17736,0.0881340503692627,True,0,0.0,qwen3-235b-a22b-instruct-2507,http://127.0.0.1:1234/v1/chat/completions,qwen3-235b-a22b-instruct-2507,int4,vulkan,lmstudio,gmk_evox2_ai395,GMKTec,EVO X2,AMD Ryzen AI Max+ 395,128,Radeon 8060S,Fedora 42,3
2025-08-10T13:49:07.428470,extra_long_programming_code_heavy_17947t.txt,5,17736,0.08404994010925293,True,0,0.0,qwen3-235b-a22b-instruct-2507,http://127.0.0.1:1234/v1/chat/completions,qwen3-235b-a22b-instruct-2507,int4,vulkan,lmstudio,gmk_evox2_ai395,GMKTec,EVO X2,AMD Ryzen AI Max+ 395,128,Radeon 8060S,Fedora 42,3
2025-08-10T13:49:12.550353,extra_long_repo_prompt_44396t.txt,1,36029,0.10991811752319336,True,0,0.0,qwen3-235b-a22b-instruct-2507,http://127.0.0.1:1234/v1/chat/completions,qwen3-235b-a22b-instruct-2507,int4,vulkan,lmstudio,gmk_evox2_ai395,GMKTec,EVO X2,AMD Ryzen AI Max+ 395,128,Radeon 8060S,Fedora 42,3
2025-08-10T13:49:14.667140,extra_long_repo_prompt_44396t.txt,2,36029,0.11563396453857422,True,0,0.0,qwen3-235b-a22b-instruct-2507,http://127.0.0.1:1234/v1/chat/completions,qwen3-235b-a22b-instruct-2507,int4,vulkan,lmstudio,gmk_evox2_ai395,GMKTec,EVO X2,AMD Ryzen AI Max+ 395,128,Radeon 8060S,Fedora 42,3
2025-08-10T13:49:16.777200,extra_long_repo_prompt_44396t.txt,3,36029,0.10963940620422363,True,0,0.0,qwen3-235b-a22b-instruct-2507,http://127.0.0.1:1234/v1/chat/completions,qwen3-235b-a22b-instruct-2507,int4,vulkan,lmstudio,gmk_evox2_ai395,GMKTec,EVO X2,AMD Ryzen AI Max+ 395,128,Radeon 8060S,Fedora 42,3
2025-08-10T13:49:18.908119,extra_long_repo_prompt_44396t.txt,4,36029,0.12992525100708008,True,0,0.0,qwen3-235b-a22b-instruct-2507,http://127.0.0.1:1234/v1/chat/completions,qwen3-235b-a22b-instruct-2507,int4,vulkan,lmstudio,gmk_evox2_ai395,GMKTec,EVO X2,AMD Ryzen AI Max+ 395,128,Radeon 8060S,Fedora 42,3
2025-08-10T13:49:21.018538,extra_long_repo_prompt_44396t.txt,5,36029,0.10905170440673828,True,0,0.0,qwen3-235b-a22b-instruct-2507,http://127.0.0.1:1234/v1/chat/completions,qwen3-235b-a22b-instruct-2507,int4,vulkan,lmstudio,gmk_evox2_ai395,GMKTec,EVO X2,AMD Ryzen AI Max+ 395,128,Radeon 8060S,Fedora 42,3
2025-08-10T13:50:46.333081,long_architecture_enterprise_1235t.txt,1,1214,80.31190514564514,True,507,6.312887224883517,qwen3-235b-a22b-instruct-2507,http://127.0.0.1:1234/v1/chat/completions,qwen3-235b-a22b-instruct-2507,int4,vulkan,lmstudio,gmk_evox2_ai395,GMKTec,EVO X2,AMD Ryzen AI Max+ 395,128,Radeon 8060S,Fedora 42,3
2025-08-10T13:51:44.036216,long_architecture_enterprise_1235t.txt,2,1214,55.702319622039795,True,508,9.119907455326135,qwen3-235b-a22b-instruct-2507,http://127.0.0.1:1234/v1/chat/completions,qwen3-235b-a22b-instruct-2507,int4,vulkan,lmstudio,gmk_evox2_ai395,GMKTec,EVO X2,AMD Ryzen AI Max+ 395,128,Radeon 8060S,Fedora 42,3
2025-08-10T13:52:41.671980,long_architecture_enterprise_1235t.txt,3,1214,55.63536858558655,True,510,9.166830614511749,qwen3-235b-a22b-instruct-2507,http://127.0.0.1:1234/v1/chat/completions,qwen3-235b-a22b-instruct-2507,int4,vulkan,lmstudio,gmk_evox2_ai395,GMKTec,EVO X2,AMD Ryzen AI Max+ 395,128,Radeon 8060S,Fedora 42,3
2025-08-10T13:53:39.121585,long_architecture_enterprise_1235t.txt,4,1214,55.44926047325134,True,508,9.161528858352558,qwen3-235b-a22b-instruct-2507,http://127.0.0.1:1234/v1/chat/completions,qwen3-235b-a22b-instruct-2507,int4,vulkan,lmstudio,gmk_evox2_ai395,GMKTec,EVO X2,AMD Ryzen AI Max+ 395,128,Radeon 8060S,Fedora 42,3
2025-08-10T13:54:36.600761,long_architecture_enterprise_1235t.txt,5,1214,55.47845721244812,True,511,9.210782449179987,qwen3-235b-a22b-instruct-2507,http://127.0.0.1:1234/v1/chat/completions,qwen3-235b-a22b-instruct-2507,int4,vulkan,lmstudio,gmk_evox2_ai395,GMKTec,EVO X2,AMD Ryzen AI Max+ 395,128,Radeon 8060S,Fedora 42,3
2025-08-10T13:56:03.888639,long_non_programming_analysis_1330t.txt,1,1312,82.28526282310486,True,511,6.210103516331195,qwen3-235b-a22b-instruct-2507,http://127.0.0.1:1234/v1/chat/completions,qwen3-235b-a22b-instruct-2507,int4,vulkan,lmstudio,gmk_evox2_ai395,GMKTec,EVO X2,AMD Ryzen AI Max+ 395,128,Radeon 8060S,Fedora 42,3
2025-08-10T13:57:02.149597,long_non_programming_analysis_1330t.txt,2,1312,56.26042890548706,True,511,9.08276047554558,qwen3-235b-a22b-instruct-2507,http://127.0.0.1:1234/v1/chat/completions,qwen3-235b-a22b-instruct-2507,int4,vulkan,lmstudio,gmk_evox2_ai395,GMKTec,EVO X2,AMD Ryzen AI Max+ 395,128,Radeon 8060S,Fedora 42,3
2025-08-10T13:58:00.091149,long_non_programming_analysis_1330t.txt,3,1312,55.94092512130737,True,511,9.134636205817142,qwen3-235b-a22b-instruct-2507,http://127.0.0.1:1234/v1/chat/completions,qwen3-235b-a22b-instruct-2507,int4,vulkan,lmstudio,gmk_evox2_ai395,GMKTec,EVO X2,AMD Ryzen AI Max+ 395,128,Radeon 8060S,Fedora 42,3
2025-08-10T13:58:57.976572,long_non_programming_analysis_1330t.txt,4,1312,55.8845272064209,True,511,9.143854758089253,qwen3-235b-a22b-instruct-2507,http://127.0.0.1:1234/v1/chat/completions,qwen3-235b-a22b-instruct-2507,int4,vulkan,lmstudio,gmk_evox2_ai395,GMKTec,EVO X2,AMD Ryzen AI Max+ 395,128,Radeon 8060S,Fedora 42,3
2025-08-10T13:59:55.709078,long_non_programming_analysis_1330t.txt,5,1312,55.73193597793579,True,511,9.168890171019795,qwen3-235b-a22b-instruct-2507,http://127.0.0.1:1234/v1/chat/completions,qwen3-235b-a22b-instruct-2507,int4,vulkan,lmstudio,gmk_evox2_ai395,GMKTec,EVO X2,AMD Ryzen AI Max+ 395,128,Radeon 8060S,Fedora 42,3
2025-08-10T14:01:32.116084,long_non_programming_summarize_1707t.txt,1,1703,91.404456615448,True,511,5.590537036392571,qwen3-235b-a22b-instruct-2507,http://127.0.0.1:1234/v1/chat/completions,qwen3-235b-a22b-instruct-2507,int4,vulkan,lmstudio,gmk_evox2_ai395,GMKTec,EVO X2,AMD Ryzen AI Max+ 395,128,Radeon 8060S,Fedora 42,3
2025-08-10T14:02:32.209328,long_non_programming_summarize_1707t.txt,2,1703,58.092644929885864,True,511,8.796294274718333,qwen3-235b-a22b-instruct-2507,http://127.0.0.1:1234/v1/chat/completions,qwen3-235b-a22b-instruct-2507,int4,vulkan,lmstudio,gmk_evox2_ai395,GMKTec,EVO X2,AMD Ryzen AI Max+ 395,128,Radeon 8060S,Fedora 42,3
2025-08-10T14:03:32.464138,long_non_programming_summarize_1707t.txt,3,1703,58.254016160964966,True,511,8.771927391032182,qwen3-235b-a22b-instruct-2507,http://127.0.0.1:1234/v1/chat/completions,qwen3-235b-a22b-instruct-2507,int4,vulkan,lmstudio,gmk_evox2_ai395,GMKTec,EVO X2,AMD Ryzen AI Max+ 395,128,Radeon 8060S,Fedora 42,3
2025-08-10T14:04:32.929092,long_non_programming_summarize_1707t.txt,4,1703,58.464619636535645,True,511,8.740328820691865,qwen3-235b-a22b-instruct-2507,http://127.0.0.1:1234/v1/chat/completions,qwen3-235b-a22b-instruct-2507,int4,vulkan,lmstudio,gmk_evox2_ai395,GMKTec,EVO X2,AMD Ryzen AI Max+ 395,128,Radeon 8060S,Fedora 42,3
2025-08-10T14:05:32.824062,long_non_programming_summarize_1707t.txt,5,1703,57.89397311210632,True,511,8.82648007264065,qwen3-235b-a22b-instruct-2507,http://127.0.0.1:1234/v1/chat/completions,qwen3-235b-a22b-instruct-2507,int4,vulkan,lmstudio,gmk_evox2_ai395,GMKTec,EVO X2,AMD Ryzen AI Max+ 395,128,Radeon 8060S,Fedora 42,3
2025-08-10T14:07:01.224828,long_programming_debug_complex_1366t.txt,1,1366,83.39747929573059,True,501,6.007375813163791,qwen3-235b-a22b-instruct-2507,http://127.0.0.1:1234/v1/chat/completions,qwen3-235b-a22b-instruct-2507,int4,vulkan,lmstudio,gmk_evox2_ai395,GMKTec,EVO X2,AMD Ryzen AI Max+ 395,128,Radeon 8060S,Fedora 42,3
2025-08-10T14:07:59.532315,long_programming_debug_complex_1366t.txt,2,1366,56.30669617652893,True,506,8.986497776634295,qwen3-235b-a22b-instruct-2507,http://127.0.0.1:1234/v1/chat/completions,qwen3-235b-a22b-instruct-2507,int4,vulkan,lmstudio,gmk_evox2_ai395,GMKTec,EVO X2,AMD Ryzen AI Max+ 395,128,Radeon 8060S,Fedora 42,3
2025-08-10T14:08:57.763046,long_programming_debug_complex_1366t.txt,3,1366,56.23000168800354,True,505,8.98097074230997,qwen3-235b-a22b-instruct-2507,http://127.0.0.1:1234/v1/chat/completions,qwen3-235b-a22b-instruct-2507,int4,vulkan,lmstudio,gmk_evox2_ai395,GMKTec,EVO X2,AMD Ryzen AI Max+ 395,128,Radeon 8060S,Fedora 42,3
2025-08-10T14:09:55.841342,long_programming_debug_complex_1366t.txt,4,1366,56.07763171195984,True,498,8.880546214183116,qwen3-235b-a22b-instruct-2507,http://127.0.0.1:1234/v1/chat/completions,qwen3-235b-a22b-instruct-2507,int4,vulkan,lmstudio,gmk_evox2_ai395,GMKTec,EVO X2,AMD Ryzen AI Max+ 395,128,Radeon 8060S,Fedora 42,3
2025-08-10T14:10:53.990774,long_programming_debug_complex_1366t.txt,5,1366,56.148186445236206,True,499,8.887197104517288,qwen3-235b-a22b-instruct-2507,http://127.0.0.1:1234/v1/chat/completions,qwen3-235b-a22b-instruct-2507,int4,vulkan,lmstudio,gmk_evox2_ai395,GMKTec,EVO X2,AMD Ryzen AI Max+ 395,128,Radeon 8060S,Fedora 42,3
2025-08-10T14:12:48.907714,long_programming_full_project_2339t.txt,1,2336,109.91313886642456,True,499,4.53994859164586,qwen3-235b-a22b-instruct-2507,http://127.0.0.1:1234/v1/chat/completions,qwen3-235b-a22b-instruct-2507,int4,vulkan,lmstudio,gmk_evox2_ai395,GMKTec,EVO X2,AMD Ryzen AI Max+ 395,128,Radeon 8060S,Fedora 42,3
2025-08-10T14:13:54.337538,long_programming_full_project_2339t.txt,2,2336,63.42921447753906,True,499,7.86703735983836,qwen3-235b-a22b-instruct-2507,http://127.0.0.1:1234/v1/chat/completions,qwen3-235b-a22b-instruct-2507,int4,vulkan,lmstudio,gmk_evox2_ai395,GMKTec,EVO X2,AMD Ryzen AI Max+ 395,128,Radeon 8060S,Fedora 42,3
2025-08-10T14:14:59.535838,long_programming_full_project_2339t.txt,3,2336,63.19718837738037,True,499,7.895920891610469,qwen3-235b-a22b-instruct-2507,http://127.0.0.1:1234/v1/chat/completions,qwen3-235b-a22b-instruct-2507,int4,vulkan,lmstudio,gmk_evox2_ai395,GMKTec,EVO X2,AMD Ryzen AI Max+ 395,128,Radeon 8060S,Fedora 42,3
2025-08-10T14:16:04.785374,long_programming_full_project_2339t.txt,4,2336,63.24876141548157,True,499,7.8894825579597585,qwen3-235b-a22b-instruct-2507,http://127.0.0.1:1234/v1/chat/completions,qwen3-235b-a22b-instruct-2507,int4,vulkan,lmstudio,gmk_evox2_ai395,GMKTec,EVO X2,AMD Ryzen AI Max+ 395,128,Radeon 8060S,Fedora 42,3
2025-08-10T14:17:10.160245,long_programming_full_project_2339t.txt,5,2336,63.3743839263916,True,498,7.858064554574914,qwen3-235b-a22b-instruct-2507,http://127.0.0.1:1234/v1/chat/completions,qwen3-235b-a22b-instruct-2507,int4,vulkan,lmstudio,gmk_evox2_ai395,GMKTec,EVO X2,AMD Ryzen AI Max+ 395,128,Radeon 8060S,Fedora 42,3
2025-08-10T14:18:08.863271,medium_architecture_web_app_106t.txt,1,103,53.7017982006073,True,507,9.441024639548596,qwen3-235b-a22b-instruct-2507,http://127.0.0.1:1234/v1/chat/completions,qwen3-235b-a22b-instruct-2507,int4,vulkan,lmstudio,gmk_evox2_ai395,GMKTec,EVO X2,AMD Ryzen AI Max+ 395,128,Radeon 8060S,Fedora 42,3
2025-08-10T14:19:00.130640,medium_architecture_web_app_106t.txt,2,103,49.26699995994568,True,508,10.311161637871326,qwen3-235b-a22b-instruct-2507,http://127.0.0.1:1234/v1/chat/completions,qwen3-235b-a22b-instruct-2507,int4,vulkan,lmstudio,gmk_evox2_ai395,GMKTec,EVO X2,AMD Ryzen AI Max+ 395,128,Radeon 8060S,Fedora 42,3
2025-08-10T14:19:51.421163,medium_architecture_web_app_106t.txt,3,103,49.28984355926514,True,506,10.265806573145147,qwen3-235b-a22b-instruct-2507,http://127.0.0.1:1234/v1/chat/completions,qwen3-235b-a22b-instruct-2507,int4,vulkan,lmstudio,gmk_evox2_ai395,GMKTec,EVO X2,AMD Ryzen AI Max+ 395,128,Radeon 8060S,Fedora 42,3
2025-08-10T14:20:42.781577,medium_architecture_web_app_106t.txt,4,103,49.35957598686218,True,504,10.210784633444733,qwen3-235b-a22b-instruct-2507,http://127.0.0.1:1234/v1/chat/completions,qwen3-235b-a22b-instruct-2507,int4,vulkan,lmstudio,gmk_evox2_ai395,GMKTec,EVO X2,AMD Ryzen AI Max+ 395,128,Radeon 8060S,Fedora 42,3
2025-08-10T14:21:34.238949,medium_architecture_web_app_106t.txt,5,103,49.45663499832153,True,507,10.25140509493229,qwen3-235b-a22b-instruct-2507,http://127.0.0.1:1234/v1/chat/completions,qwen3-235b-a22b-instruct-2507,int4,vulkan,lmstudio,gmk_evox2_ai395,GMKTec,EVO X2,AMD Ryzen AI Max+ 395,128,Radeon 8060S,Fedora 42,3
2025-08-10T14:22:32.651267,medium_non_programming_explanation_106t.txt,1,106,53.410988330841064,True,511,9.567319684008424,qwen3-235b-a22b-instruct-2507,http://127.0.0.1:1234/v1/chat/completions,qwen3-235b-a22b-instruct-2507,int4,vulkan,lmstudio,gmk_evox2_ai395,GMKTec,EVO X2,AMD Ryzen AI Max+ 395,128,Radeon 8060S,Fedora 42,3
2025-08-10T14:23:24.006610,medium_non_programming_explanation_106t.txt,2,106,49.35493540763855,True,511,10.353574486107295,qwen3-235b-a22b-instruct-2507,http://127.0.0.1:1234/v1/chat/completions,qwen3-235b-a22b-instruct-2507,int4,vulkan,lmstudio,gmk_evox2_ai395,GMKTec,EVO X2,AMD Ryzen AI Max+ 395,128,Radeon 8060S,Fedora 42,3
2025-08-10T14:24:15.508583,medium_non_programming_explanation_106t.txt,3,106,49.5015230178833,True,511,10.322914707399855,qwen3-235b-a22b-instruct-2507,http://127.0.0.1:1234/v1/chat/completions,qwen3-235b-a22b-instruct-2507,int4,vulkan,lmstudio,gmk_evox2_ai395,GMKTec,EVO X2,AMD Ryzen AI Max+ 395,128,Radeon 8060S,Fedora 42,3
2025-08-10T14:25:06.530052,medium_non_programming_explanation_106t.txt,4,106,49.021098375320435,True,511,10.424083036402584,qwen3-235b-a22b-instruct-2507,http://127.0.0.1:1234/v1/chat/completions,qwen3-235b-a22b-instruct-2507,int4,vulkan,lmstudio,gmk_evox2_ai395,GMKTec,EVO X2,AMD Ryzen AI Max+ 395,128,Radeon 8060S,Fedora 42,3
2025-08-10T14:25:57.780787,medium_non_programming_explanation_106t.txt,5,106,49.24972128868103,True,511,10.375693234987752,qwen3-235b-a22b-instruct-2507,http://127.0.0.1:1234/v1/chat/completions,qwen3-235b-a22b-instruct-2507,int4,vulkan,lmstudio,gmk_evox2_ai395,GMKTec,EVO X2,AMD Ryzen AI Max+ 395,128,Radeon 8060S,Fedora 42,3
2025-08-10T14:26:56.004596,medium_programming_algorithm_102t.txt,1,102,53.222798347473145,True,511,9.601148678125842,qwen3-235b-a22b-instruct-2507,http://127.0.0.1:1234/v1/chat/completions,qwen3-235b-a22b-instruct-2507,int4,vulkan,lmstudio,gmk_evox2_ai395,GMKTec,EVO X2,AMD Ryzen AI Max+ 395,128,Radeon 8060S,Fedora 42,3
2025-08-10T14:27:47.499339,medium_programming_algorithm_102t.txt,2,102,49.494348764419556,True,511,10.324411023816666,qwen3-235b-a22b-instruct-2507,http://127.0.0.1:1234/v1/chat/completions,qwen3-235b-a22b-instruct-2507,int4,vulkan,lmstudio,gmk_evox2_ai395,GMKTec,EVO X2,AMD Ryzen AI Max+ 395,128,Radeon 8060S,Fedora 42,3
2025-08-10T14:28:38.781641,medium_programming_algorithm_102t.txt,3,102,49.28165411949158,True,511,10.368970139699357,qwen3-235b-a22b-instruct-2507,http://127.0.0.1:1234/v1/chat/completions,qwen3-235b-a22b-instruct-2507,int4,vulkan,lmstudio,gmk_evox2_ai395,GMKTec,EVO X2,AMD Ryzen AI Max+ 395,128,Radeon 8060S,Fedora 42,3
2025-08-10T14:29:30.005544,medium_programming_algorithm_102t.txt,4,102,49.22310423851013,True,511,10.381303818709886,qwen3-235b-a22b-instruct-2507,http://127.0.0.1:1234/v1/chat/completions,qwen3-235b-a22b-instruct-2507,int4,vulkan,lmstudio,gmk_evox2_ai395,GMKTec,EVO X2,AMD Ryzen AI Max+ 395,128,Radeon 8060S,Fedora 42,3
2025-08-10T14:30:21.206682,medium_programming_algorithm_102t.txt,5,102,49.2004075050354,True,511,10.38609283770062,qwen3-235b-a22b-instruct-2507,http://127.0.0.1:1234/v1/chat/completions,qwen3-235b-a22b-instruct-2507,int4,vulkan,lmstudio,gmk_evox2_ai395,GMKTec,EVO X2,AMD Ryzen AI Max+ 395,128,Radeon 8060S,Fedora 42,3
2025-08-10T14:31:20.299557,medium_programming_debug_122t.txt,1,122,54.09228491783142,True,511,9.446818539394881,qwen3-235b-a22b-instruct-2507,http://127.0.0.1:1234/v1/chat/completions,qwen3-235b-a22b-instruct-2507,int4,vulkan,lmstudio,gmk_evox2_ai395,GMKTec,EVO X2,AMD Ryzen AI Max+ 395,128,Radeon 8060S,Fedora 42,3
2025-08-10T14:32:11.916454,medium_programming_debug_122t.txt,2,122,49.61660599708557,True,511,10.298971276471745,qwen3-235b-a22b-instruct-2507,http://127.0.0.1:1234/v1/chat/completions,qwen3-235b-a22b-instruct-2507,int4,vulkan,lmstudio,gmk_evox2_ai395,GMKTec,EVO X2,AMD Ryzen AI Max+ 395,128,Radeon 8060S,Fedora 42,3
2025-08-10T14:33:03.156774,medium_programming_debug_122t.txt,3,122,49.239964723587036,True,511,10.37774910824052,qwen3-235b-a22b-instruct-2507,http://127.0.0.1:1234/v1/chat/completions,qwen3-235b-a22b-instruct-2507,int4,vulkan,lmstudio,gmk_evox2_ai395,GMKTec,EVO X2,AMD Ryzen AI Max+ 395,128,Radeon 8060S,Fedora 42,3
2025-08-10T14:33:54.649804,medium_programming_debug_122t.txt,4,122,49.492136001586914,True,511,10.32487262185684,qwen3-235b-a22b-instruct-2507,http://127.0.0.1:1234/v1/chat/completions,qwen3-235b-a22b-instruct-2507,int4,vulkan,lmstudio,gmk_evox2_ai395,GMKTec,EVO X2,AMD Ryzen AI Max+ 395,128,Radeon 8060S,Fedora 42,3
2025-08-10T14:34:46.193632,medium_programming_debug_122t.txt,5,122,49.542869329452515,True,511,10.314299654344362,qwen3-235b-a22b-instruct-2507,http://127.0.0.1:1234/v1/chat/completions,qwen3-235b-a22b-instruct-2507,int4,vulkan,lmstudio,gmk_evox2_ai395,GMKTec,EVO X2,AMD Ryzen AI Max+ 395,128,Radeon 8060S,Fedora 42,3
2025-08-10T14:35:41.243938,short_architecture_basic_6t.txt,1,5,50.0493528842926,True,511,10.209922217802966,qwen3-235b-a22b-instruct-2507,http://127.0.0.1:1234/v1/chat/completions,qwen3-235b-a22b-instruct-2507,int4,vulkan,lmstudio,gmk_evox2_ai395,GMKTec,EVO X2,AMD Ryzen AI Max+ 395,128,Radeon 8060S,Fedora 42,3
2025-08-10T14:36:31.902451,short_architecture_basic_6t.txt,2,5,48.658092737197876,True,511,10.501850180604253,qwen3-235b-a22b-instruct-2507,http://127.0.0.1:1234/v1/chat/completions,qwen3-235b-a22b-instruct-2507,int4,vulkan,lmstudio,gmk_evox2_ai395,GMKTec,EVO X2,AMD Ryzen AI Max+ 395,128,Radeon 8060S,Fedora 42,3
2025-08-10T14:37:22.846808,short_architecture_basic_6t.txt,3,5,48.94358968734741,True,511,10.440590959189503,qwen3-235b-a22b-instruct-2507,http://127.0.0.1:1234/v1/chat/completions,qwen3-235b-a22b-instruct-2507,int4,vulkan,lmstudio,gmk_evox2_ai395,GMKTec,EVO X2,AMD Ryzen AI Max+ 395,128,Radeon 8060S,Fedora 42,3
2025-08-10T14:38:13.593320,short_architecture_basic_6t.txt,4,5,48.74579381942749,True,511,10.482955758048245,qwen3-235b-a22b-instruct-2507,http://127.0.0.1:1234/v1/chat/completions,qwen3-235b-a22b-instruct-2507,int4,vulkan,lmstudio,gmk_evox2_ai395,GMKTec,EVO X2,AMD Ryzen AI Max+ 395,128,Radeon 8060S,Fedora 42,3
2025-08-10T14:39:04.269041,short_architecture_basic_6t.txt,5,5,48.67544078826904,True,511,10.498107294452131,qwen3-235b-a22b-instruct-2507,http://127.0.0.1:1234/v1/chat/completions,qwen3-235b-a22b-instruct-2507,int4,vulkan,lmstudio,gmk_evox2_ai395,GMKTec,EVO X2,AMD Ryzen AI Max+ 395,128,Radeon 8060S,Fedora 42,3
2025-08-10T14:39:25.786320,short_programming_debug_12t.txt,1,11,16.516549110412598,True,161,9.747798945392297,qwen3-235b-a22b-instruct-2507,http://127.0.0.1:1234/v1/chat/completions,qwen3-235b-a22b-instruct-2507,int4,vulkan,lmstudio,gmk_evox2_ai395,GMKTec,EVO X2,AMD Ryzen AI Max+ 395,128,Radeon 8060S,Fedora 42,3
2025-08-10T14:39:46.705326,short_programming_debug_12t.txt,2,11,18.918635845184326,True,202,10.67730261595042,qwen3-235b-a22b-instruct-2507,http://127.0.0.1:1234/v1/chat/completions,qwen3-235b-a22b-instruct-2507,int4,vulkan,lmstudio,gmk_evox2_ai395,GMKTec,EVO X2,AMD Ryzen AI Max+ 395,128,Radeon 8060S,Fedora 42,3
2025-08-10T14:40:07.700162,short_programming_debug_12t.txt,3,11,18.99456477165222,True,202,10.634621136540485,qwen3-235b-a22b-instruct-2507,http://127.0.0.1:1234/v1/chat/completions,qwen3-235b-a22b-instruct-2507,int4,vulkan,lmstudio,gmk_evox2_ai395,GMKTec,EVO X2,AMD Ryzen AI Max+ 395,128,Radeon 8060S,Fedora 42,3
2025-08-10T14:40:26.895572,short_programming_debug_12t.txt,4,11,17.194595336914062,True,183,10.642879138139884,qwen3-235b-a22b-instruct-2507,http://127.0.0.1:1234/v1/chat/completions,qwen3-235b-a22b-instruct-2507,int4,vulkan,lmstudio,gmk_evox2_ai395,GMKTec,EVO X2,AMD Ryzen AI Max+ 395,128,Radeon 8060S,Fedora 42,3
2025-08-10T14:40:46.183442,short_programming_debug_12t.txt,5,11,17.287147045135498,True,183,10.585899427025186,qwen3-235b-a22b-instruct-2507,http://127.0.0.1:1234/v1/chat/completions,qwen3-235b-a22b-instruct-2507,int4,vulkan,lmstudio,gmk_evox2_ai395,GMKTec,EVO X2,AMD Ryzen AI Max+ 395,128,Radeon 8060S,Fedora 42,3
2025-08-10T14:40:53.950161,short_simple_greeting_1t.txt,1,1,2.7655906677246094,True,18,6.50855537302254,qwen3-235b-a22b-instruct-2507,http://127.0.0.1:1234/v1/chat/completions,qwen3-235b-a22b-instruct-2507,int4,vulkan,lmstudio,gmk_evox2_ai395,GMKTec,EVO X2,AMD Ryzen AI Max+ 395,128,Radeon 8060S,Fedora 42,3
2025-08-10T14:40:57.910017,short_simple_greeting_1t.txt,2,1,1.959468126296997,True,18,9.186166265442859,qwen3-235b-a22b-instruct-2507,http://127.0.0.1:1234/v1/chat/completions,qwen3-235b-a22b-instruct-2507,int4,vulkan,lmstudio,gmk_evox2_ai395,GMKTec,EVO X2,AMD Ryzen AI Max+ 395,128,Radeon 8060S,Fedora 42,3
2025-08-10T14:41:01.057419,short_simple_greeting_1t.txt,3,1,1.146653413772583,True,10,8.721031028110914,qwen3-235b-a22b-instruct-2507,http://127.0.0.1:1234/v1/chat/completions,qwen3-235b-a22b-instruct-2507,int4,vulkan,lmstudio,gmk_evox2_ai395,GMKTec,EVO X2,AMD Ryzen AI Max+ 395,128,Radeon 8060S,Fedora 42,3
2025-08-10T14:41:04.214334,short_simple_greeting_1t.txt,4,1,1.1561954021453857,True,10,8.649057055100233,qwen3-235b-a22b-instruct-2507,http://127.0.0.1:1234/v1/chat/completions,qwen3-235b-a22b-instruct-2507,int4,vulkan,lmstudio,gmk_evox2_ai395,GMKTec,EVO X2,AMD Ryzen AI Max+ 395,128,Radeon 8060S,Fedora 42,3
2025-08-10T14:41:07.370164,short_simple_greeting_1t.txt,5,1,1.1550860404968262,True,10,8.65736373690292,qwen3-235b-a22b-instruct-2507,http://127.0.0.1:1234/v1/chat/completions,qwen3-235b-a22b-instruct-2507,int4,vulkan,lmstudio,gmk_evox2_ai395,GMKTec,EVO X2,AMD Ryzen AI Max+ 395,128,Radeon 8060S,Fedora 42,3
2025-08-10T14:41:13.705800,short_simple_greeting_request1_8t.txt,1,8,1.3343896865844727,True,1,0.74940627168636,qwen3-235b-a22b-instruct-2507,http://127.0.0.1:1234/v1/chat/completions,qwen3-235b-a22b-instruct-2507,int4,vulkan,lmstudio,gmk_evox2_ai395,GMKTec,EVO X2,AMD Ryzen AI Max+ 395,128,Radeon 8060S,Fedora 42,3
2025-08-10T14:41:15.922504,short_simple_greeting_request1_8t.txt,2,8,0.21599602699279785,True,1,4.629714786528661,qwen3-235b-a22b-instruct-2507,http://127.0.0.1:1234/v1/chat/completions,qwen3-235b-a22b-instruct-2507,int4,vulkan,lmstudio,gmk_evox2_ai395,GMKTec,EVO X2,AMD Ryzen AI Max+ 395,128,Radeon 8060S,Fedora 42,3
2025-08-10T14:41:18.123756,short_simple_greeting_request1_8t.txt,3,8,0.2010326385498047,True,1,4.97431664437044,qwen3-235b-a22b-instruct-2507,http://127.0.0.1:1234/v1/chat/completions,qwen3-235b-a22b-instruct-2507,int4,vulkan,lmstudio,gmk_evox2_ai395,GMKTec,EVO X2,AMD Ryzen AI Max+ 395,128,Radeon 8060S,Fedora 42,3
2025-08-10T14:41:20.322167,short_simple_greeting_request1_8t.txt,4,8,0.19778990745544434,True,1,5.055869699647175,qwen3-235b-a22b-instruct-2507,http://127.0.0.1:1234/v1/chat/completions,qwen3-235b-a22b-instruct-2507,int4,vulkan,lmstudio,gmk_evox2_ai395,GMKTec,EVO X2,AMD Ryzen AI Max+ 395,128,Radeon 8060S,Fedora 42,3
2025-08-10T14:41:22.538613,short_simple_greeting_request1_8t.txt,5,8,0.21620512008666992,True,1,4.625237365327569,qwen3-235b-a22b-instruct-2507,http://127.0.0.1:1234/v1/chat/completions,qwen3-235b-a22b-instruct-2507,int4,vulkan,lmstudio,gmk_evox2_ai395,GMKTec,EVO X2,AMD Ryzen AI Max+ 395,128,Radeon 8060S,Fedora 42,3
2025-08-10T14:41:29.542408,short_simple_math_8t.txt,1,8,2.0028927326202393,True,8,3.9942228905759625,qwen3-235b-a22b-instruct-2507,http://127.0.0.1:1234/v1/chat/completions,qwen3-235b-a22b-instruct-2507,int4,vulkan,lmstudio,gmk_evox2_ai395,GMKTec,EVO X2,AMD Ryzen AI Max+ 395,128,Radeon 8060S,Fedora 42,3
2025-08-10T14:41:32.447435,short_simple_math_8t.txt,2,8,0.9043185710906982,True,8,8.846440022072313,qwen3-235b-a22b-instruct-2507,http://127.0.0.1:1234/v1/chat/completions,qwen3-235b-a22b-instruct-2507,int4,vulkan,lmstudio,gmk_evox2_ai395,GMKTec,EVO X2,AMD Ryzen AI Max+ 395,128,Radeon 8060S,Fedora 42,3
2025-08-10T14:41:35.297517,short_simple_math_8t.txt,3,8,0.8493871688842773,True,8,9.418555274985488,qwen3-235b-a22b-instruct-2507,http://127.0.0.1:1234/v1/chat/completions,qwen3-235b-a22b-instruct-2507,int4,vulkan,lmstudio,gmk_evox2_ai395,GMKTec,EVO X2,AMD Ryzen AI Max+ 395,128,Radeon 8060S,Fedora 42,3
2025-08-10T14:41:38.149434,short_simple_math_8t.txt,4,8,0.8513569831848145,True,8,9.396763235644174,qwen3-235b-a22b-instruct-2507,http://127.0.0.1:1234/v1/chat/completions,qwen3-235b-a22b-instruct-2507,int4,vulkan,lmstudio,gmk_evox2_ai395,GMKTec,EVO X2,AMD Ryzen AI Max+ 395,128,Radeon 8060S,Fedora 42,3
2025-08-10T14:41:40.985016,short_simple_math_8t.txt,5,8,0.8350472450256348,True,8,9.580296261865293,qwen3-235b-a22b-instruct-2507,http://127.0.0.1:1234/v1/chat/completions,qwen3-235b-a22b-instruct-2507,int4,vulkan,lmstudio,gmk_evox2_ai395,GMKTec,EVO X2,AMD Ryzen AI Max+ 395,128,Radeon 8060S,Fedora 42,3
