timestamp,filename,iteration,prompt_token_count,response_time,success,response_token_count,tokens_per_second,model,llm_url,base_model,quantization,hardware,backend,runtime,hardware_slug,hardware_make,hardware_model,hardware_cpu,hardware_mem_gb,hardware_gpu,environment_os,schema_version
2025-08-08T16:43:38.794105,extra_long_programming_code_heavy_17947t.txt,1,17736,668.5694513320923,True,10322,15.438934548136944,qwen3-coder-30b-a3b-instruct@q8_0,http://127.0.0.1:1234/v1/chat/completions,qwen3-coder-30b,int8,linux_x86_64,vulkan,lmstudio,fw_desktop_ai395,Framework,Framework Desktop,AMD Ryzen AI 9 HX 395,8,AMD Radeon 890M,Linux,3
2025-08-08T16:49:57.786260,extra_long_programming_code_heavy_17947t.txt,2,17736,376.99081540107727,True,7058,18.72194152128363,qwen3-coder-30b-a3b-instruct@q8_0,http://127.0.0.1:1234/v1/chat/completions,qwen3-coder-30b,int8,linux_x86_64,vulkan,lmstudio,fw_desktop_ai395,Framework,Framework Desktop,AMD Ryzen AI 9 HX 395,8,AMD Radeon 890M,Linux,3
2025-08-08T16:59:03.079072,extra_long_programming_code_heavy_17947t.txt,3,17736,543.2915511131287,True,9747,17.940643435425702,qwen3-coder-30b-a3b-instruct@q8_0,http://127.0.0.1:1234/v1/chat/completions,qwen3-coder-30b,int8,linux_x86_64,vulkan,lmstudio,fw_desktop_ai395,Framework,Framework Desktop,AMD Ryzen AI 9 HX 395,8,AMD Radeon 890M,Linux,3
2025-08-08T17:12:43.707417,extra_long_programming_code_heavy_17947t.txt,4,17736,818.6271991729736,True,13805,16.863598001564863,qwen3-coder-30b-a3b-instruct@q8_0,http://127.0.0.1:1234/v1/chat/completions,qwen3-coder-30b,int8,linux_x86_64,vulkan,lmstudio,fw_desktop_ai395,Framework,Framework Desktop,AMD Ryzen AI 9 HX 395,8,AMD Radeon 890M,Linux,3
2025-08-08T17:28:35.225500,extra_long_programming_code_heavy_17947t.txt,5,17736,949.517359972,True,15577,16.405176626217074,qwen3-coder-30b-a3b-instruct@q8_0,http://127.0.0.1:1234/v1/chat/completions,qwen3-coder-30b,int8,linux_x86_64,vulkan,lmstudio,fw_desktop_ai395,Framework,Framework Desktop,AMD Ryzen AI 9 HX 395,8,AMD Radeon 890M,Linux,3
2025-08-08T17:38:58.272563,extra_long_repo_prompt_44396t.txt,1,36029,618.0358521938324,True,2433,3.936664825128861,qwen3-coder-30b-a3b-instruct@q8_0,http://127.0.0.1:1234/v1/chat/completions,qwen3-coder-30b,int8,linux_x86_64,vulkan,lmstudio,fw_desktop_ai395,Framework,Framework Desktop,AMD Ryzen AI 9 HX 395,8,AMD Radeon 890M,Linux,3
2025-08-08T17:41:52.798107,extra_long_repo_prompt_44396t.txt,2,36029,172.5247871875763,True,1824,10.572393855596353,qwen3-coder-30b-a3b-instruct@q8_0,http://127.0.0.1:1234/v1/chat/completions,qwen3-coder-30b,int8,linux_x86_64,vulkan,lmstudio,fw_desktop_ai395,Framework,Framework Desktop,AMD Ryzen AI 9 HX 395,8,AMD Radeon 890M,Linux,3
2025-08-08T17:46:07.390913,extra_long_repo_prompt_44396t.txt,3,36029,252.59086179733276,True,2657,10.51898703339416,qwen3-coder-30b-a3b-instruct@q8_0,http://127.0.0.1:1234/v1/chat/completions,qwen3-coder-30b,int8,linux_x86_64,vulkan,lmstudio,fw_desktop_ai395,Framework,Framework Desktop,AMD Ryzen AI 9 HX 395,8,AMD Radeon 890M,Linux,3
2025-08-08T17:56:19.198272,extra_long_repo_prompt_44396t.txt,4,36029,609.8063745498657,True,6258,10.262273831787018,qwen3-coder-30b-a3b-instruct@q8_0,http://127.0.0.1:1234/v1/chat/completions,qwen3-coder-30b,int8,linux_x86_64,vulkan,lmstudio,fw_desktop_ai395,Framework,Framework Desktop,AMD Ryzen AI 9 HX 395,8,AMD Radeon 890M,Linux,3
2025-08-08T18:02:39.542677,extra_long_repo_prompt_44396t.txt,5,36029,378.34367299079895,True,3941,10.416455411680277,qwen3-coder-30b-a3b-instruct@q8_0,http://127.0.0.1:1234/v1/chat/completions,qwen3-coder-30b,int8,linux_x86_64,vulkan,lmstudio,fw_desktop_ai395,Framework,Framework Desktop,AMD Ryzen AI 9 HX 395,8,AMD Radeon 890M,Linux,3
2025-08-08T18:05:23.004184,long_architecture_enterprise_1235t.txt,1,1214,158.460346698761,True,5967,37.65610844802384,qwen3-coder-30b-a3b-instruct@q8_0,http://127.0.0.1:1234/v1/chat/completions,qwen3-coder-30b,int8,linux_x86_64,vulkan,lmstudio,fw_desktop_ai395,Framework,Framework Desktop,AMD Ryzen AI 9 HX 395,8,AMD Radeon 890M,Linux,3
2025-08-08T18:07:34.450161,long_architecture_enterprise_1235t.txt,2,1214,129.44527435302734,True,5102,39.41433957709155,qwen3-coder-30b-a3b-instruct@q8_0,http://127.0.0.1:1234/v1/chat/completions,qwen3-coder-30b,int8,linux_x86_64,vulkan,lmstudio,fw_desktop_ai395,Framework,Framework Desktop,AMD Ryzen AI 9 HX 395,8,AMD Radeon 890M,Linux,3
2025-08-08T18:09:34.456429,long_architecture_enterprise_1235t.txt,3,1214,118.00555491447447,True,4708,39.89642693864846,qwen3-coder-30b-a3b-instruct@q8_0,http://127.0.0.1:1234/v1/chat/completions,qwen3-coder-30b,int8,linux_x86_64,vulkan,lmstudio,fw_desktop_ai395,Framework,Framework Desktop,AMD Ryzen AI 9 HX 395,8,AMD Radeon 890M,Linux,3
2025-08-08T18:10:54.280729,long_architecture_enterprise_1235t.txt,4,1214,77.82386922836304,True,3241,41.64532080112527,qwen3-coder-30b-a3b-instruct@q8_0,http://127.0.0.1:1234/v1/chat/completions,qwen3-coder-30b,int8,linux_x86_64,vulkan,lmstudio,fw_desktop_ai395,Framework,Framework Desktop,AMD Ryzen AI 9 HX 395,8,AMD Radeon 890M,Linux,3
2025-08-08T18:12:20.554928,long_architecture_enterprise_1235t.txt,5,1214,84.27329087257385,True,3489,41.40101761631182,qwen3-coder-30b-a3b-instruct@q8_0,http://127.0.0.1:1234/v1/chat/completions,qwen3-coder-30b,int8,linux_x86_64,vulkan,lmstudio,fw_desktop_ai395,Framework,Framework Desktop,AMD Ryzen AI 9 HX 395,8,AMD Radeon 890M,Linux,3
2025-08-08T18:14:09.279280,long_non_programming_analysis_1330t.txt,1,1312,103.72227263450624,True,4053,39.07550323624178,qwen3-coder-30b-a3b-instruct@q8_0,http://127.0.0.1:1234/v1/chat/completions,qwen3-coder-30b,int8,linux_x86_64,vulkan,lmstudio,fw_desktop_ai395,Framework,Framework Desktop,AMD Ryzen AI 9 HX 395,8,AMD Radeon 890M,Linux,3
2025-08-08T18:15:26.884118,long_non_programming_analysis_1330t.txt,2,1312,75.60402226448059,True,3144,41.585089071075494,qwen3-coder-30b-a3b-instruct@q8_0,http://127.0.0.1:1234/v1/chat/completions,qwen3-coder-30b,int8,linux_x86_64,vulkan,lmstudio,fw_desktop_ai395,Framework,Framework Desktop,AMD Ryzen AI 9 HX 395,8,AMD Radeon 890M,Linux,3
2025-08-08T18:16:57.250912,long_non_programming_analysis_1330t.txt,3,1312,88.36609292030334,True,3621,40.977255871952494,qwen3-coder-30b-a3b-instruct@q8_0,http://127.0.0.1:1234/v1/chat/completions,qwen3-coder-30b,int8,linux_x86_64,vulkan,lmstudio,fw_desktop_ai395,Framework,Framework Desktop,AMD Ryzen AI 9 HX 395,8,AMD Radeon 890M,Linux,3
2025-08-08T18:18:29.487478,long_non_programming_analysis_1330t.txt,4,1312,90.23565649986269,True,3689,40.88184364243656,qwen3-coder-30b-a3b-instruct@q8_0,http://127.0.0.1:1234/v1/chat/completions,qwen3-coder-30b,int8,linux_x86_64,vulkan,lmstudio,fw_desktop_ai395,Framework,Framework Desktop,AMD Ryzen AI 9 HX 395,8,AMD Radeon 890M,Linux,3
2025-08-08T18:20:02.586757,long_non_programming_analysis_1330t.txt,5,1312,91.09860372543336,True,3722,40.8568281816692,qwen3-coder-30b-a3b-instruct@q8_0,http://127.0.0.1:1234/v1/chat/completions,qwen3-coder-30b,int8,linux_x86_64,vulkan,lmstudio,fw_desktop_ai395,Framework,Framework Desktop,AMD Ryzen AI 9 HX 395,8,AMD Radeon 890M,Linux,3
2025-08-08T18:20:21.780068,long_non_programming_summarize_1707t.txt,1,1703,14.190729141235352,True,425,29.94913057462545,qwen3-coder-30b-a3b-instruct@q8_0,http://127.0.0.1:1234/v1/chat/completions,qwen3-coder-30b,int8,linux_x86_64,vulkan,lmstudio,fw_desktop_ai395,Framework,Framework Desktop,AMD Ryzen AI 9 HX 395,8,AMD Radeon 890M,Linux,3
2025-08-08T18:20:38.792422,long_non_programming_summarize_1707t.txt,2,1703,15.011549949645996,True,656,43.69968472279372,qwen3-coder-30b-a3b-instruct@q8_0,http://127.0.0.1:1234/v1/chat/completions,qwen3-coder-30b,int8,linux_x86_64,vulkan,lmstudio,fw_desktop_ai395,Framework,Framework Desktop,AMD Ryzen AI 9 HX 395,8,AMD Radeon 890M,Linux,3
2025-08-08T18:21:02.892038,long_non_programming_summarize_1707t.txt,3,1703,22.09912061691284,True,959,43.39539190831243,qwen3-coder-30b-a3b-instruct@q8_0,http://127.0.0.1:1234/v1/chat/completions,qwen3-coder-30b,int8,linux_x86_64,vulkan,lmstudio,fw_desktop_ai395,Framework,Framework Desktop,AMD Ryzen AI 9 HX 395,8,AMD Radeon 890M,Linux,3
2025-08-08T18:21:16.402373,long_non_programming_summarize_1707t.txt,4,1703,11.509953022003174,True,505,43.87507047462394,qwen3-coder-30b-a3b-instruct@q8_0,http://127.0.0.1:1234/v1/chat/completions,qwen3-coder-30b,int8,linux_x86_64,vulkan,lmstudio,fw_desktop_ai395,Framework,Framework Desktop,AMD Ryzen AI 9 HX 395,8,AMD Radeon 890M,Linux,3
2025-08-08T18:21:34.520924,long_non_programming_summarize_1707t.txt,5,1703,16.1176335811615,True,704,43.678868641290144,qwen3-coder-30b-a3b-instruct@q8_0,http://127.0.0.1:1234/v1/chat/completions,qwen3-coder-30b,int8,linux_x86_64,vulkan,lmstudio,fw_desktop_ai395,Framework,Framework Desktop,AMD Ryzen AI 9 HX 395,8,AMD Radeon 890M,Linux,3
2025-08-08T18:23:23.001913,long_programming_debug_complex_1366t.txt,1,1366,103.4789173603058,True,4031,38.95479487830707,qwen3-coder-30b-a3b-instruct@q8_0,http://127.0.0.1:1234/v1/chat/completions,qwen3-coder-30b,int8,linux_x86_64,vulkan,lmstudio,fw_desktop_ai395,Framework,Framework Desktop,AMD Ryzen AI 9 HX 395,8,AMD Radeon 890M,Linux,3
2025-08-08T18:24:55.023164,long_programming_debug_complex_1366t.txt,2,1366,90.0202112197876,True,3678,40.85749133625148,qwen3-coder-30b-a3b-instruct@q8_0,http://127.0.0.1:1234/v1/chat/completions,qwen3-coder-30b,int8,linux_x86_64,vulkan,lmstudio,fw_desktop_ai395,Framework,Framework Desktop,AMD Ryzen AI 9 HX 395,8,AMD Radeon 890M,Linux,3
2025-08-08T18:26:20.401528,long_programming_debug_complex_1366t.txt,3,1366,83.37779426574707,True,3431,41.15004516747584,qwen3-coder-30b-a3b-instruct@q8_0,http://127.0.0.1:1234/v1/chat/completions,qwen3-coder-30b,int8,linux_x86_64,vulkan,lmstudio,fw_desktop_ai395,Framework,Framework Desktop,AMD Ryzen AI 9 HX 395,8,AMD Radeon 890M,Linux,3
2025-08-08T18:28:02.545583,long_programming_debug_complex_1366t.txt,4,1366,100.14327096939088,True,4045,40.39212980407208,qwen3-coder-30b-a3b-instruct@q8_0,http://127.0.0.1:1234/v1/chat/completions,qwen3-coder-30b,int8,linux_x86_64,vulkan,lmstudio,fw_desktop_ai395,Framework,Framework Desktop,AMD Ryzen AI 9 HX 395,8,AMD Radeon 890M,Linux,3
2025-08-08T18:29:58.584167,long_programming_debug_complex_1366t.txt,5,1366,114.03792142868042,True,4538,39.79378037715354,qwen3-coder-30b-a3b-instruct@q8_0,http://127.0.0.1:1234/v1/chat/completions,qwen3-coder-30b,int8,linux_x86_64,vulkan,lmstudio,fw_desktop_ai395,Framework,Framework Desktop,AMD Ryzen AI 9 HX 395,8,AMD Radeon 890M,Linux,3
2025-08-08T18:38:02.049573,long_programming_full_project_2339t.txt,1,2336,478.4635581970215,True,13914,29.08058463727451,qwen3-coder-30b-a3b-instruct@q8_0,http://127.0.0.1:1234/v1/chat/completions,qwen3-coder-30b,int8,linux_x86_64,vulkan,lmstudio,fw_desktop_ai395,Framework,Framework Desktop,AMD Ryzen AI 9 HX 395,8,AMD Radeon 890M,Linux,3
2025-08-08T18:42:29.335055,long_programming_full_project_2339t.txt,2,2336,265.28498578071594,True,8859,33.394275872524624,qwen3-coder-30b-a3b-instruct@q8_0,http://127.0.0.1:1234/v1/chat/completions,qwen3-coder-30b,int8,linux_x86_64,vulkan,lmstudio,fw_desktop_ai395,Framework,Framework Desktop,AMD Ryzen AI 9 HX 395,8,AMD Radeon 890M,Linux,3
2025-08-08T18:59:11.342402,long_programming_full_project_2339t.txt,3,2336,1000.0,False,0,0.0,qwen3-coder-30b-a3b-instruct@q8_0,http://127.0.0.1:1234/v1/chat/completions,qwen3-coder-30b,int8,linux_x86_64,vulkan,lmstudio,fw_desktop_ai395,Framework,Framework Desktop,AMD Ryzen AI 9 HX 395,8,AMD Radeon 890M,Linux,3
2025-08-08T19:10:38.870644,long_programming_full_project_2339t.txt,4,2336,685.5277976989746,True,18322,26.72685201314836,qwen3-coder-30b-a3b-instruct@q8_0,http://127.0.0.1:1234/v1/chat/completions,qwen3-coder-30b,int8,linux_x86_64,vulkan,lmstudio,fw_desktop_ai395,Framework,Framework Desktop,AMD Ryzen AI 9 HX 395,8,AMD Radeon 890M,Linux,3
2025-08-08T19:18:48.795167,long_programming_full_project_2339t.txt,5,2336,487.9239058494568,True,14266,29.238165683157995,qwen3-coder-30b-a3b-instruct@q8_0,http://127.0.0.1:1234/v1/chat/completions,qwen3-coder-30b,int8,linux_x86_64,vulkan,lmstudio,fw_desktop_ai395,Framework,Framework Desktop,AMD Ryzen AI 9 HX 395,8,AMD Radeon 890M,Linux,3
2025-08-08T19:21:15.863050,medium_architecture_web_app_106t.txt,1,103,142.0670874118805,True,5820,40.96656098204275,qwen3-coder-30b-a3b-instruct@q8_0,http://127.0.0.1:1234/v1/chat/completions,qwen3-coder-30b,int8,linux_x86_64,vulkan,lmstudio,fw_desktop_ai395,Framework,Framework Desktop,AMD Ryzen AI 9 HX 395,8,AMD Radeon 890M,Linux,3
2025-08-08T19:24:15.080294,medium_architecture_web_app_106t.txt,2,103,177.21659302711487,True,7002,39.510972874468166,qwen3-coder-30b-a3b-instruct@q8_0,http://127.0.0.1:1234/v1/chat/completions,qwen3-coder-30b,int8,linux_x86_64,vulkan,lmstudio,fw_desktop_ai395,Framework,Framework Desktop,AMD Ryzen AI 9 HX 395,8,AMD Radeon 890M,Linux,3
2025-08-08T19:27:26.900331,medium_architecture_web_app_106t.txt,3,103,189.8193657398224,True,7427,39.12667167047584,qwen3-coder-30b-a3b-instruct@q8_0,http://127.0.0.1:1234/v1/chat/completions,qwen3-coder-30b,int8,linux_x86_64,vulkan,lmstudio,fw_desktop_ai395,Framework,Framework Desktop,AMD Ryzen AI 9 HX 395,8,AMD Radeon 890M,Linux,3
2025-08-08T19:32:00.140215,medium_architecture_web_app_106t.txt,4,103,271.2389626502991,True,9891,36.46599995573716,qwen3-coder-30b-a3b-instruct@q8_0,http://127.0.0.1:1234/v1/chat/completions,qwen3-coder-30b,int8,linux_x86_64,vulkan,lmstudio,fw_desktop_ai395,Framework,Framework Desktop,AMD Ryzen AI 9 HX 395,8,AMD Radeon 890M,Linux,3
2025-08-08T19:36:00.945662,medium_architecture_web_app_106t.txt,5,103,238.80494809150696,True,8924,37.36940993609747,qwen3-coder-30b-a3b-instruct@q8_0,http://127.0.0.1:1234/v1/chat/completions,qwen3-coder-30b,int8,linux_x86_64,vulkan,lmstudio,fw_desktop_ai395,Framework,Framework Desktop,AMD Ryzen AI 9 HX 395,8,AMD Radeon 890M,Linux,3
2025-08-08T19:36:23.879031,medium_non_programming_explanation_106t.txt,1,106,17.932223081588745,True,841,46.89881428385006,qwen3-coder-30b-a3b-instruct@q8_0,http://127.0.0.1:1234/v1/chat/completions,qwen3-coder-30b,int8,linux_x86_64,vulkan,lmstudio,fw_desktop_ai395,Framework,Framework Desktop,AMD Ryzen AI 9 HX 395,8,AMD Radeon 890M,Linux,3
2025-08-08T19:36:43.513765,medium_non_programming_explanation_106t.txt,2,106,17.63386034965515,True,843,47.805754570154896,qwen3-coder-30b-a3b-instruct@q8_0,http://127.0.0.1:1234/v1/chat/completions,qwen3-coder-30b,int8,linux_x86_64,vulkan,lmstudio,fw_desktop_ai395,Framework,Framework Desktop,AMD Ryzen AI 9 HX 395,8,AMD Radeon 890M,Linux,3
2025-08-08T19:37:04.483064,medium_non_programming_explanation_106t.txt,3,106,18.96861505508423,True,905,47.710388838189296,qwen3-coder-30b-a3b-instruct@q8_0,http://127.0.0.1:1234/v1/chat/completions,qwen3-coder-30b,int8,linux_x86_64,vulkan,lmstudio,fw_desktop_ai395,Framework,Framework Desktop,AMD Ryzen AI 9 HX 395,8,AMD Radeon 890M,Linux,3
2025-08-08T19:37:21.804222,medium_non_programming_explanation_106t.txt,4,106,15.32035207748413,True,735,47.975398756025186,qwen3-coder-30b-a3b-instruct@q8_0,http://127.0.0.1:1234/v1/chat/completions,qwen3-coder-30b,int8,linux_x86_64,vulkan,lmstudio,fw_desktop_ai395,Framework,Framework Desktop,AMD Ryzen AI 9 HX 395,8,AMD Radeon 890M,Linux,3
2025-08-08T19:37:40.806478,medium_non_programming_explanation_106t.txt,5,106,17.001457691192627,True,814,47.87824754707248,qwen3-coder-30b-a3b-instruct@q8_0,http://127.0.0.1:1234/v1/chat/completions,qwen3-coder-30b,int8,linux_x86_64,vulkan,lmstudio,fw_desktop_ai395,Framework,Framework Desktop,AMD Ryzen AI 9 HX 395,8,AMD Radeon 890M,Linux,3
2025-08-08T19:38:35.318583,medium_programming_algorithm_102t.txt,1,102,49.51067423820496,True,2254,45.52553635516236,qwen3-coder-30b-a3b-instruct@q8_0,http://127.0.0.1:1234/v1/chat/completions,qwen3-coder-30b,int8,linux_x86_64,vulkan,lmstudio,fw_desktop_ai395,Framework,Framework Desktop,AMD Ryzen AI 9 HX 395,8,AMD Radeon 890M,Linux,3
2025-08-08T19:39:32.801442,medium_programming_algorithm_102t.txt,2,102,55.482128381729126,True,2522,45.456078805198146,qwen3-coder-30b-a3b-instruct@q8_0,http://127.0.0.1:1234/v1/chat/completions,qwen3-coder-30b,int8,linux_x86_64,vulkan,lmstudio,fw_desktop_ai395,Framework,Framework Desktop,AMD Ryzen AI 9 HX 395,8,AMD Radeon 890M,Linux,3
2025-08-08T19:40:33.056690,medium_programming_algorithm_102t.txt,3,102,58.2547709941864,True,2640,45.318176605027965,qwen3-coder-30b-a3b-instruct@q8_0,http://127.0.0.1:1234/v1/chat/completions,qwen3-coder-30b,int8,linux_x86_64,vulkan,lmstudio,fw_desktop_ai395,Framework,Framework Desktop,AMD Ryzen AI 9 HX 395,8,AMD Radeon 890M,Linux,3
2025-08-08T19:41:29.410512,medium_programming_algorithm_102t.txt,4,102,54.352869749069214,True,2478,45.59096900384796,qwen3-coder-30b-a3b-instruct@q8_0,http://127.0.0.1:1234/v1/chat/completions,qwen3-coder-30b,int8,linux_x86_64,vulkan,lmstudio,fw_desktop_ai395,Framework,Framework Desktop,AMD Ryzen AI 9 HX 395,8,AMD Radeon 890M,Linux,3
2025-08-08T19:42:30.620365,medium_programming_algorithm_102t.txt,5,102,59.209556102752686,True,2680,45.26296389300924,qwen3-coder-30b-a3b-instruct@q8_0,http://127.0.0.1:1234/v1/chat/completions,qwen3-coder-30b,int8,linux_x86_64,vulkan,lmstudio,fw_desktop_ai395,Framework,Framework Desktop,AMD Ryzen AI 9 HX 395,8,AMD Radeon 890M,Linux,3
2025-08-08T19:43:10.868791,medium_programming_debug_122t.txt,1,122,35.24729943275452,True,1616,45.847484091172326,qwen3-coder-30b-a3b-instruct@q8_0,http://127.0.0.1:1234/v1/chat/completions,qwen3-coder-30b,int8,linux_x86_64,vulkan,lmstudio,fw_desktop_ai395,Framework,Framework Desktop,AMD Ryzen AI 9 HX 395,8,AMD Radeon 890M,Linux,3
2025-08-08T19:43:48.634054,medium_programming_debug_122t.txt,2,122,35.76492691040039,True,1666,46.58194896284073,qwen3-coder-30b-a3b-instruct@q8_0,http://127.0.0.1:1234/v1/chat/completions,qwen3-coder-30b,int8,linux_x86_64,vulkan,lmstudio,fw_desktop_ai395,Framework,Framework Desktop,AMD Ryzen AI 9 HX 395,8,AMD Radeon 890M,Linux,3
2025-08-08T19:44:27.492852,medium_programming_debug_122t.txt,3,122,36.85819864273071,True,1715,46.529674893328995,qwen3-coder-30b-a3b-instruct@q8_0,http://127.0.0.1:1234/v1/chat/completions,qwen3-coder-30b,int8,linux_x86_64,vulkan,lmstudio,fw_desktop_ai395,Framework,Framework Desktop,AMD Ryzen AI 9 HX 395,8,AMD Radeon 890M,Linux,3
2025-08-08T19:45:11.082868,medium_programming_debug_122t.txt,4,122,41.5893497467041,True,1929,46.38206684519925,qwen3-coder-30b-a3b-instruct@q8_0,http://127.0.0.1:1234/v1/chat/completions,qwen3-coder-30b,int8,linux_x86_64,vulkan,lmstudio,fw_desktop_ai395,Framework,Framework Desktop,AMD Ryzen AI 9 HX 395,8,AMD Radeon 890M,Linux,3
2025-08-08T19:45:35.509996,medium_programming_debug_122t.txt,5,122,22.426496505737305,True,1063,47.39928948456375,qwen3-coder-30b-a3b-instruct@q8_0,http://127.0.0.1:1234/v1/chat/completions,qwen3-coder-30b,int8,linux_x86_64,vulkan,lmstudio,fw_desktop_ai395,Framework,Framework Desktop,AMD Ryzen AI 9 HX 395,8,AMD Radeon 890M,Linux,3
2025-08-08T19:46:16.734301,short_architecture_basic_6t.txt,1,5,36.22358679771423,True,1679,46.351014585500614,qwen3-coder-30b-a3b-instruct@q8_0,http://127.0.0.1:1234/v1/chat/completions,qwen3-coder-30b,int8,linux_x86_64,vulkan,lmstudio,fw_desktop_ai395,Framework,Framework Desktop,AMD Ryzen AI 9 HX 395,8,AMD Radeon 890M,Linux,3
2025-08-08T19:47:04.873000,short_architecture_basic_6t.txt,2,5,46.138447284698486,True,2128,46.12205492892122,qwen3-coder-30b-a3b-instruct@q8_0,http://127.0.0.1:1234/v1/chat/completions,qwen3-coder-30b,int8,linux_x86_64,vulkan,lmstudio,fw_desktop_ai395,Framework,Framework Desktop,AMD Ryzen AI 9 HX 395,8,AMD Radeon 890M,Linux,3
2025-08-08T19:47:36.443599,short_architecture_basic_6t.txt,3,5,29.570276021957397,True,1402,47.41247592545113,qwen3-coder-30b-a3b-instruct@q8_0,http://127.0.0.1:1234/v1/chat/completions,qwen3-coder-30b,int8,linux_x86_64,vulkan,lmstudio,fw_desktop_ai395,Framework,Framework Desktop,AMD Ryzen AI 9 HX 395,8,AMD Radeon 890M,Linux,3
2025-08-08T19:48:10.333334,short_architecture_basic_6t.txt,4,5,31.88915491104126,True,1501,47.06929375166025,qwen3-coder-30b-a3b-instruct@q8_0,http://127.0.0.1:1234/v1/chat/completions,qwen3-coder-30b,int8,linux_x86_64,vulkan,lmstudio,fw_desktop_ai395,Framework,Framework Desktop,AMD Ryzen AI 9 HX 395,8,AMD Radeon 890M,Linux,3
2025-08-08T19:48:53.888988,short_architecture_basic_6t.txt,5,5,41.555267572402954,True,1938,46.636686832141464,qwen3-coder-30b-a3b-instruct@q8_0,http://127.0.0.1:1234/v1/chat/completions,qwen3-coder-30b,int8,linux_x86_64,vulkan,lmstudio,fw_desktop_ai395,Framework,Framework Desktop,AMD Ryzen AI 9 HX 395,8,AMD Radeon 890M,Linux,3
2025-08-08T19:49:02.436965,short_programming_debug_12t.txt,1,11,3.547112226486206,True,163,45.952873659559664,qwen3-coder-30b-a3b-instruct@q8_0,http://127.0.0.1:1234/v1/chat/completions,qwen3-coder-30b,int8,linux_x86_64,vulkan,lmstudio,fw_desktop_ai395,Framework,Framework Desktop,AMD Ryzen AI 9 HX 395,8,AMD Radeon 890M,Linux,3
2025-08-08T19:49:08.118140,short_programming_debug_12t.txt,2,11,3.680371046066284,True,179,48.63640044971057,qwen3-coder-30b-a3b-instruct@q8_0,http://127.0.0.1:1234/v1/chat/completions,qwen3-coder-30b,int8,linux_x86_64,vulkan,lmstudio,fw_desktop_ai395,Framework,Framework Desktop,AMD Ryzen AI 9 HX 395,8,AMD Radeon 890M,Linux,3
2025-08-08T19:49:13.225264,short_programming_debug_12t.txt,3,11,3.106503963470459,True,151,48.607695910134616,qwen3-coder-30b-a3b-instruct@q8_0,http://127.0.0.1:1234/v1/chat/completions,qwen3-coder-30b,int8,linux_x86_64,vulkan,lmstudio,fw_desktop_ai395,Framework,Framework Desktop,AMD Ryzen AI 9 HX 395,8,AMD Radeon 890M,Linux,3
2025-08-08T19:49:19.521984,short_programming_debug_12t.txt,4,11,4.296198844909668,True,209,48.64765518189008,qwen3-coder-30b-a3b-instruct@q8_0,http://127.0.0.1:1234/v1/chat/completions,qwen3-coder-30b,int8,linux_x86_64,vulkan,lmstudio,fw_desktop_ai395,Framework,Framework Desktop,AMD Ryzen AI 9 HX 395,8,AMD Radeon 890M,Linux,3
2025-08-08T19:49:25.447916,short_programming_debug_12t.txt,5,11,3.925112247467041,True,191,48.66102877013425,qwen3-coder-30b-a3b-instruct@q8_0,http://127.0.0.1:1234/v1/chat/completions,qwen3-coder-30b,int8,linux_x86_64,vulkan,lmstudio,fw_desktop_ai395,Framework,Framework Desktop,AMD Ryzen AI 9 HX 395,8,AMD Radeon 890M,Linux,3
2025-08-08T19:49:30.824264,short_simple_greeting_1t.txt,1,1,0.3753585815429687,True,12,31.969430272973028,qwen3-coder-30b-a3b-instruct@q8_0,http://127.0.0.1:1234/v1/chat/completions,qwen3-coder-30b,int8,linux_x86_64,vulkan,lmstudio,fw_desktop_ai395,Framework,Framework Desktop,AMD Ryzen AI 9 HX 395,8,AMD Radeon 890M,Linux,3
2025-08-08T19:49:33.048728,short_simple_greeting_1t.txt,2,1,0.2239964008331298,True,9,40.17921701654801,qwen3-coder-30b-a3b-instruct@q8_0,http://127.0.0.1:1234/v1/chat/completions,qwen3-coder-30b,int8,linux_x86_64,vulkan,lmstudio,fw_desktop_ai395,Framework,Framework Desktop,AMD Ryzen AI 9 HX 395,8,AMD Radeon 890M,Linux,3
2025-08-08T19:49:35.274762,short_simple_greeting_1t.txt,3,1,0.2252485752105713,True,9,39.955857619016875,qwen3-coder-30b-a3b-instruct@q8_0,http://127.0.0.1:1234/v1/chat/completions,qwen3-coder-30b,int8,linux_x86_64,vulkan,lmstudio,fw_desktop_ai395,Framework,Framework Desktop,AMD Ryzen AI 9 HX 395,8,AMD Radeon 890M,Linux,3
2025-08-08T19:49:37.557925,short_simple_greeting_1t.txt,4,1,0.2827508449554443,True,12,42.44019147631885,qwen3-coder-30b-a3b-instruct@q8_0,http://127.0.0.1:1234/v1/chat/completions,qwen3-coder-30b,int8,linux_x86_64,vulkan,lmstudio,fw_desktop_ai395,Framework,Framework Desktop,AMD Ryzen AI 9 HX 395,8,AMD Radeon 890M,Linux,3
2025-08-08T19:49:39.841684,short_simple_greeting_1t.txt,5,1,0.2831361293792724,True,12,42.38243994614162,qwen3-coder-30b-a3b-instruct@q8_0,http://127.0.0.1:1234/v1/chat/completions,qwen3-coder-30b,int8,linux_x86_64,vulkan,lmstudio,fw_desktop_ai395,Framework,Framework Desktop,AMD Ryzen AI 9 HX 395,8,AMD Radeon 890M,Linux,3
2025-08-08T19:49:45.029928,short_simple_greeting_request1_8t.txt,1,8,0.1874489784240722,True,1,5.334785008738034,qwen3-coder-30b-a3b-instruct@q8_0,http://127.0.0.1:1234/v1/chat/completions,qwen3-coder-30b,int8,linux_x86_64,vulkan,lmstudio,fw_desktop_ai395,Framework,Framework Desktop,AMD Ryzen AI 9 HX 395,8,AMD Radeon 890M,Linux,3
2025-08-08T19:49:47.092821,short_simple_greeting_request1_8t.txt,2,8,0.06205415725708,True,1,16.114955777373076,qwen3-coder-30b-a3b-instruct@q8_0,http://127.0.0.1:1234/v1/chat/completions,qwen3-coder-30b,int8,linux_x86_64,vulkan,lmstudio,fw_desktop_ai395,Framework,Framework Desktop,AMD Ryzen AI 9 HX 395,8,AMD Radeon 890M,Linux,3
2025-08-08T19:49:49.155914,short_simple_greeting_request1_8t.txt,3,8,0.062180757522583,True,1,16.08214566438527,qwen3-coder-30b-a3b-instruct@q8_0,http://127.0.0.1:1234/v1/chat/completions,qwen3-coder-30b,int8,linux_x86_64,vulkan,lmstudio,fw_desktop_ai395,Framework,Framework Desktop,AMD Ryzen AI 9 HX 395,8,AMD Radeon 890M,Linux,3
2025-08-08T19:49:51.218207,short_simple_greeting_request1_8t.txt,4,8,0.0620107650756835,True,1,16.12623225627855,qwen3-coder-30b-a3b-instruct@q8_0,http://127.0.0.1:1234/v1/chat/completions,qwen3-coder-30b,int8,linux_x86_64,vulkan,lmstudio,fw_desktop_ai395,Framework,Framework Desktop,AMD Ryzen AI 9 HX 395,8,AMD Radeon 890M,Linux,3
2025-08-08T19:49:53.300365,short_simple_greeting_request1_8t.txt,5,8,0.0810842514038086,True,2,24.66570222175176,qwen3-coder-30b-a3b-instruct@q8_0,http://127.0.0.1:1234/v1/chat/completions,qwen3-coder-30b,int8,linux_x86_64,vulkan,lmstudio,fw_desktop_ai395,Framework,Framework Desktop,AMD Ryzen AI 9 HX 395,8,AMD Radeon 890M,Linux,3
2025-08-08T19:49:58.613370,short_simple_math_8t.txt,1,8,0.3120226860046386,True,7,22.434266205553833,qwen3-coder-30b-a3b-instruct@q8_0,http://127.0.0.1:1234/v1/chat/completions,qwen3-coder-30b,int8,linux_x86_64,vulkan,lmstudio,fw_desktop_ai395,Framework,Framework Desktop,AMD Ryzen AI 9 HX 395,8,AMD Radeon 890M,Linux,3
2025-08-08T19:50:00.800521,short_simple_math_8t.txt,2,8,0.186323881149292,True,7,37.56898985155451,qwen3-coder-30b-a3b-instruct@q8_0,http://127.0.0.1:1234/v1/chat/completions,qwen3-coder-30b,int8,linux_x86_64,vulkan,lmstudio,fw_desktop_ai395,Framework,Framework Desktop,AMD Ryzen AI 9 HX 395,8,AMD Radeon 890M,Linux,3
2025-08-08T19:50:02.986537,short_simple_math_8t.txt,3,8,0.185377836227417,True,7,37.76071693604499,qwen3-coder-30b-a3b-instruct@q8_0,http://127.0.0.1:1234/v1/chat/completions,qwen3-coder-30b,int8,linux_x86_64,vulkan,lmstudio,fw_desktop_ai395,Framework,Framework Desktop,AMD Ryzen AI 9 HX 395,8,AMD Radeon 890M,Linux,3
2025-08-08T19:50:05.169998,short_simple_math_8t.txt,4,8,0.1830594539642334,True,7,38.23894285933835,qwen3-coder-30b-a3b-instruct@q8_0,http://127.0.0.1:1234/v1/chat/completions,qwen3-coder-30b,int8,linux_x86_64,vulkan,lmstudio,fw_desktop_ai395,Framework,Framework Desktop,AMD Ryzen AI 9 HX 395,8,AMD Radeon 890M,Linux,3
2025-08-08T19:50:07.352396,short_simple_math_8t.txt,5,8,0.1816163063049316,True,7,38.54279465549246,qwen3-coder-30b-a3b-instruct@q8_0,http://127.0.0.1:1234/v1/chat/completions,qwen3-coder-30b,int8,linux_x86_64,vulkan,lmstudio,fw_desktop_ai395,Framework,Framework Desktop,AMD Ryzen AI 9 HX 395,8,AMD Radeon 890M,Linux,3
